firstName;lastName;office;password;department
Kristina;Chung;Lyon;123+aze;Info
Paige;Chen;Lyon;123+aze;Info
Sherri;Melton;Lyon;123+aze;Info
Gretchen;Hill;Lyon;123+aze;Info
Karen;Puckett;Lyon;123+aze;Info
Patrick;Song;Lyon;123+aze;Info
Elsie;Hamilton;Lyon;123+aze;Info
Hazel;Bender;Lyon;123+aze;Info
Malcolm;Wagner;Lyon;123+aze;Info
Dolores;McLaughlin;Lyon;123+aze;Info
Francis;McNamara;Lyon;123+aze;Info
Sandy;Raynor;Lyon;123+aze;Info
Marion;Moon;Lyon;123+aze;Info
Beth;Woodard;Lyon;123+aze;Info
Julia;Desai;Lyon;123+aze;Info
Jerome;Wallace;Lyon;123+aze;Info
Neal;Lawrence;Lyon;123+aze;Info
Jean;Griffin;Lyon;123+aze;Info
Kristine;Dougherty;Lyon;123+aze;Info
Crystal;Powers;Lyon;123+aze;Info
Alex;May;Lyon;123+aze;Info
Eric;Steele;Lyon;123+aze;Info
Wesley;Teague;Lyon;123+aze;Info
Franklin;Vick;Lyon;123+aze;Info
Claire;Gallagher;Lyon;123+aze;Info
Marian;Solomon;Lyon;123+aze;Info
Marcia;Walsh;Lyon;123+aze;Info
Dwight;Monroe;Lyon;123+aze;Info
Wayne;Connolly;Lyon;123+aze;Info
Stephanie;Hawkins;Lyon;123+aze;Info
Neal;Middleton;Lyon;123+aze;Info
Gretchen;Goldstein;Lyon;123+aze;Info
Tim;Watts;Lyon;123+aze;Info
Jerome;Johnston;Lyon;123+aze;Info
Shelley;Weeks;Lyon;123+aze;Info
Priscilla;Wilkerson;Lyon;123+aze;Info
Elsie;Barton;Lyon;123+aze;Info
Beth;Walton;Lyon;123+aze;Info
Erica;Hall;Lyon;123+aze;Info
Douglas;Ross;Lyon;123+aze;Info
Donald;Chung;Lyon;123+aze;Info
Katherine;Bender;Lyon;123+aze;Info
Paul;Woods;Lyon;123+aze;Info
Patricia;Mangum;Lyon;123+aze;Info
Lois;Joseph;Lyon;123+aze;Info
Louis;Rosenthal;Lyon;123+aze;Info
Christina;Bowden;Lyon;123+aze;Info
Darlene;Barton;Lyon;123+aze;Info
Harvey;Underwood;Lyon;123+aze;Info
William;Jones;Lyon;123+aze;Info
Frederick;Baker;Lyon;123+aze;Info
Shirley;Merritt;Lyon;123+aze;Info
Jason;Cross;Lyon;123+aze;Info
Judith;Cooper;Lyon;123+aze;Info
Gretchen;Holmes;Lyon;123+aze;Info
Don;Sharpe;Lyon;123+aze;Info
Glenda;Morgan;Lyon;123+aze;Info
Scott;Hoyle;Lyon;123+aze;Info
Pat;Allen;Lyon;123+aze;Info
Michelle;Rich;Lyon;123+aze;Info
Jessica;Rich;Lyon;123+aze;Info
Evan;Grant;Lyon;123+aze;Info
Melinda;Proctor;Lyon;123+aze;Info
Calvin;Diaz;Lyon;123+aze;Info
Eugene;Graham;Lyon;123+aze;Info
Vickie;Watkins;Lyon;123+aze;Info
Luis;Hinton;Lyon;123+aze;Info
Allan;Marsh;Lyon;123+aze;Info
Melanie;Hewitt;Lyon;123+aze;Info
Marianne;Branch;Lyon;123+aze;Info
Natalie;Walton;Lyon;123+aze;Info
Caroline;O'Brien;Lyon;123+aze;Info
Arlene;Case;Lyon;123+aze;Info
Kyle;Watts;Lyon;123+aze;Info
Calvin;Christensen;Lyon;123+aze;Info
Gary;Parks;Lyon;123+aze;Info
Samantha;Hardin;Lyon;123+aze;Info
Sara;Lucas;Lyon;123+aze;Info
Stacy;Eason;Lyon;123+aze;Info
Gladys;Davidson;Lyon;123+aze;Info
Mike;Whitehead;Lyon;123+aze;Info
Lynne;Rose;Lyon;123+aze;Info
Faye;Sparks;Lyon;123+aze;Info
Diana;Moore;Lyon;123+aze;Info
Leon;Pearson;Lyon;123+aze;Info
Ethel;Rodgers;Lyon;123+aze;Info
Steve;Graves;Lyon;123+aze;Info
Alison;Scarborough;Lyon;123+aze;Info
Sherri;Sutton;Lyon;123+aze;Info
Patsy;Sinclair;Lyon;123+aze;Info
Kelly;Bowman;Lyon;123+aze;Info
Stacy;Olsen;Lyon;123+aze;Info
Curtis;Love;Lyon;123+aze;Info
Dana;McLean;Lyon;123+aze;Info
Jennifer;Christian;Lyon;123+aze;Info
Brett;Lamb;Lyon;123+aze;Info
BJuridiquen;James;Lyon;123+aze;Info
Keith;Chandler;Lyon;123+aze;Info
Joann;Stout;Lyon;123+aze;Info
Ronnie;Cowan;Lyon;123+aze;Info
Scott;Golden;Lyon;123+aze;Info
Gene;Bowling;Lyon;123+aze;Info
Louise;Beasley;Lyon;123+aze;Info
Geoffrey;Clapp;Lyon;123+aze;Info
Patricia;Abrams;Lyon;123+aze;Info
Jennifer;Tilley;Lyon;123+aze;Info
Mary;Morse;Lyon;123+aze;Info
Shawn;Boykin;Lyon;123+aze;Info
Vincent;Sumner;Lyon;123+aze;Info
Kurt;Cassidy;Lyon;123+aze;Info
Danny;Davidson;Lyon;123+aze;Info
Charlene;Heath;Lyon;123+aze;Info
Alice;Blanchard;Lyon;123+aze;Info
Joan;McAllister;Lyon;123+aze;Info
Betty;McKenzie;Lyon;123+aze;Info
Danny;Byrne;Lyon;123+aze;Info
Peggy;Schroeder;Lyon;123+aze;Info
Leslie;Griffin;Lyon;123+aze;Info
Marshall;Gross;Lyon;123+aze;Info
Sara;Perkins;Lyon;123+aze;Info
Martha;Robertson;Lyon;123+aze;Info
Jack;Palmer;Lyon;123+aze;Info
Gayle;Brady;Lyon;123+aze;Info
Benjamin;Rowe;Lyon;123+aze;Info
Roberta;Zhang;Lyon;123+aze;Info
Patricia;Hodge;Lyon;123+aze;Info
Clifford;Li;Lyon;123+aze;Info
Joanne;Bowling;Lyon;123+aze;Info
Martin;Justice;Lyon;123+aze;Info
Toni;Glass;Lyon;123+aze;Info
Beth;Willis;Lyon;123+aze;Info
Jessica;Hester;Lyon;123+aze;Info
Samantha;Floyd;Lyon;123+aze;Info
Jimmy;Graves;Lyon;123+aze;Info
Vincent;Fischer;Lyon;123+aze;Info
Dianne;Norman;Lyon;123+aze;Info
Rhonda;Chan;Lyon;123+aze;Info
Tamara;Hunt;Lyon;123+aze;Info
Mary;Byrd;Lyon;123+aze;Info
Sidney;Lane;Lyon;123+aze;Info
Jeff;Kaplan;Lyon;123+aze;Info
Sandra;Heller;Lyon;123+aze;Info
Katie;May;Lyon;123+aze;Info
Raymond;Jennings;Lyon;123+aze;Info
Roger;Hanna;Lyon;123+aze;Info
Natalie;Locklear;Lyon;123+aze;Info
Kathy;Holloway;Lyon;123+aze;Info
Troy;Jones;Lyon;123+aze;Info
Neal;Glover;Lyon;123+aze;Info
Coud;Bender;Lyon;123+aze;Juridique
Malois;Wagner;Lyon;123+aze;Juridique
Dolomite;McLaughlin;Lyon;123+aze;Juridique
Hugo;Leman;Lyon;123+aze;Juridique
Paul;Belin;Lyon;123+aze;Juridique
Dimitry;Moon;Lyon;123+aze;Juridique
Martin;Vick;Paris;123+aze;Info
Jack;O'Donnell;Paris;123+aze;Info
Vincent;Goldman;Paris;123+aze;Info
Beth;McKenna;Paris;123+aze;Info
Milton;Starr;Marseille;123+aze;Info
Tamara;Stone;Marseille;123+aze;Info
Mitchell;McClure;Marseille;123+aze;Info
Franklin;Watson;Marseille;123+aze;Info
Leroy;Monroe;Paris;123+aze;Info
Glen;Abbott;Paris;123+aze;Info
Judith;Singer;Paris;123+aze;Info
Alice;Hall;Paris;123+aze;Info
Bruce;Farrell;Paris;123+aze;Info
Kathleen;Lucas;Paris;123+aze;Info
Amy;Norman;Paris;123+aze;Info
Ronnie;Atkins;Paris;123+aze;Info
Martha;Monroe;Paris;123+aze;Info
Lynn;Robertson;Marseille;123+aze;Info
Jose;Sykes;Marseille;123+aze;Info
Robert;Reid;Marseille;123+aze;Info
Pauline;Chandler;Marseille;123+aze;Info
Stephen;Finch;Marseille;123+aze;Info
Peggy;Hobbs;Marseille;123+aze;Info
Donna;Adkins;Paris;123+aze;Info
Doris;Kinney;Paris;123+aze;Info
Ben;Whitaker;Paris;123+aze;Info
Kristin;Alexander;Paris;123+aze;Info
Ryan;Conner;Paris;123+aze;Info
Tracey;Waters;Paris;123+aze;Info
Mark;Becker;Paris;123+aze;Info
Louis;Rollins;Paris;123+aze;Info
Lea;Abbott;Paris;123+aze;Juridique
Ana;Singer;Paris;123+aze;Juridique
Alison;Hall;Paris;123+aze;Juridique
Brlnd;Farrell;Paris;123+aze;Juridique
Kathy;Lucas;Paris;123+aze;Juridique
Amyna;Norman;Paris;123+aze;Juridique
Janet;Love;Marseille;123+aze;Info
Leo;Adkins;Marseille;123+aze;Info
Constance;Black;Marseille;123+aze;Info
Sarah;Fox;Marseille;123+aze;Info
Gladys;Hatcher;Marseille;123+aze;Info
Hazel;Wu;Marseille;123+aze;Info
Hazel;Lloyd;Marseille;123+aze;Info
Jerome;Joyce;Marseille;123+aze;Info
Vincent;Welch;Marseille;123+aze;Info
Kim;Matthews;Marseille;123+aze;Info
Joseph;Chappell;Marseille;123+aze;Info
Alison;MacDonald;Marseille;123+aze;Info
Eric;Kane;Marseille;123+aze;Info
Heather;Butler;Marseille;123+aze;Info
Claire;Pickett;Paris;123+aze;Info
Michele;Bowman;Paris;123+aze;Info
Terry;Barton;Paris;123+aze;Info
Ken;Kennedy;Paris;123+aze;Info
Judy;Branch;Paris;123+aze;Info
Clyde;Thornton;Paris;123+aze;Info
Timothy;McNeill;Paris;123+aze;Info
Ted;Weinstein;Paris;123+aze;Info
Sandra;Middleton;Paris;123+aze;Info
Billie;Moss;Paris;123+aze;Info
Katharine;Lucas;Paris;123+aze;Info
Lester;Rich;Paris;123+aze;Info
Johnny;Carlton;Paris;123+aze;Info
Ashley;Brady;Paris;123+aze;Info
Lauren;Schultz;Marseille;123+aze;Info
Carolyn;Nichols;Marseille;123+aze;Info
Louis;Harvey;Marseille;123+aze;Info
Charlene;Stevenson;Marseille;123+aze;Info
Ashley;Houston;Marseille;123+aze;Info
Sheryl;Dunn;Marseille;123+aze;Info
Ben;West;Marseille;123+aze;Info
Linda;O'Brien;Marseille;123+aze;Info
Sarah;Barr;Marseille;123+aze;Info
Brett;Snyder;Marseille;123+aze;Info
Dana;Cain;Marseille;123+aze;Info
Rebecca;Heath;Paris;123+aze;Info
Glenda;Boswell;Paris;123+aze;Info
Glen;Olsen;Paris;123+aze;Info
Don;Pittman;Paris;123+aze;Info
Gregory;Weiner;Paris;123+aze;Info
Randy;Petersen;Paris;123+aze;Info
Geraldine;Davis;Paris;123+aze;Info
Edna;Coleman;Paris;123+aze;Info
Sidney;Terrell;Paris;123+aze;Info
Faye;Norman;Paris;123+aze;Info
Kathy;Burch;Paris;123+aze;Info
Marguerite;Weiner;Paris;123+aze;Info
Marvin;Parrott;Paris;123+aze;Info
Alex;Henry;Paris;123+aze;Info
Alexander;Gray;Paris;123+aze;Info
Marsha;Chang;Paris;123+aze;Info
Karl;McLean;Marseille;123+aze;Info
Laura;Eason;Marseille;123+aze;Info
Melinda;Weeks;Marseille;123+aze;Info
Eva;Siegel;Marseille;123+aze;Info
Robert;Puckett;Marseille;123+aze;Info
Bill;Heath;Marseille;123+aze;Info
Edna;Hoyle;Marseille;123+aze;Info
Clifford;Garrett;Marseille;123+aze;Info
Penny;Neal;Marseille;123+aze;Info
Glenda;Baker;Marseille;123+aze;Info
Arthur;Goldman;Marseille;123+aze;Info
Wesley;Shaffer;Marseille;123+aze;Info
Allison;Choi;Marseille;123+aze;Info
Florence;Carver;Marseille;123+aze;Info
Claire;Shelton;Marseille;123+aze;Info
Jeremy;House;Marseille;123+aze;Info
Christy;Marseilles;Marseille;123+aze;Info
Wesley;Moser;Marseille;123+aze;Info
Lucy;Dickinson;Marseille;123+aze;Info
Susan;Abbott;Paris;123+aze;Info
Nancy;Hobbs;Paris;123+aze;Info
Monica;Dodson;Paris;123+aze;Info
Justin;Spencer;Paris;123+aze;Info
Margaret;Burgess;Paris;123+aze;Info
Philip;Liu;Paris;123+aze;Info
Miriam;Wong;Paris;123+aze;Info
Miriam;Blackburn;Paris;123+aze;Info
Christopher;McKay;Paris;123+aze;Info
Joanna;Middleton;Paris;123+aze;Info
Stacy;Frazier;Paris;123+aze;Info
Janice;Reid;Paris;123+aze;Info
Brian;Braswell;Paris;123+aze;Info
Juan;Steele;Paris;123+aze;Info
Leroy;Donovan;Paris;123+aze;Info
Tommy;Barrett;Paris;123+aze;Info
Alice;Nance;Paris;123+aze;Info
Adam;Washington;Paris;123+aze;Info
Larry;Rogers;Paris;123+aze;Info
Angela;McMahon;Paris;123+aze;Info
Lawrence;Miles;Paris;123+aze;Info
Glen;Kramer;Paris;123+aze;Info
Valerie;Jennings;Marseille;123+aze;Info
Meredith;Bowles;Marseille;123+aze;Info
Jan;Brown;Marseille;123+aze;Info
Lillian;Bolton;Marseille;123+aze;Info
Allen;Craven;Marseille;123+aze;Info
Ashley;Hendrix;Marseille;123+aze;Info
Ian;Nichols;Marseille;123+aze;Info
Gina;Saunders;Marseille;123+aze;Info
Donna;Lehman;Marseille;123+aze;Info
Catherine;Sherrill;Marseille;123+aze;Info
Lester;Cash;Marseille;123+aze;Info
Jacob;Pittman;Marseille;123+aze;Info
Nancy;Sullivan;Marseille;123+aze;Info
Gail;Whitehead;Marseille;123+aze;Info
Lloyd;Mack;Marseille;123+aze;Info
Donna;Rice;Marseille;123+aze;Info
Kay;Ayers;Marseille;123+aze;Info
Wendy;Cherry;Marseille;123+aze;Info
Lucille;Richmond;Marseille;123+aze;Info
Virginia;York;Marseille;123+aze;Info
Bruce;Wiley;Marseille;123+aze;Info
Marc;Harrington;Marseille;123+aze;Info
Geoffrey;Reed;Marseille;123+aze;Info
Tiffany;Nash;Marseille;123+aze;Info
Sher;Melton;Lyon;123+aze;Compta
Gret;Hill;Lyon;123+aze;Compta
Kar;Puckett;Lyon;123+aze;Compta
Pat;Song;Lyon;123+aze;Compta
Mat;Vick;Paris;123+aze;Compta
Joel;O'Donnell;Paris;123+aze;Compta
Vinc;Goldman;Paris;123+aze;Compta
Beta;McKenna;Paris;123+aze;Compta
Benoit;Gonnet;Marseille;123+aze;Compta
Jo;Sykes;Marseille;123+aze;Compta
Melinda;Reid;Marseille;123+aze;Compta
Paul;Chandler;Marseille;123+aze;Compta
Curl;Finch;Marseille;123+aze;Compta
Perl;Hobbs;Marseille;123+aze;Compta
Apoline;Wiley;Marseille;123+aze;Juridique
Marco;Harrington;Marseille;123+aze;Juridique
Geof;Reed;Marseille;123+aze;Juridique
fannnnyyy;Nash;Marseille;123+aze;Juridique
