firstName;lastName;office;password;department
Kristina;Chung;Paris;123+aze;Info
Paige;Chen;Paris;123+aze;Info
Sherri;Melton;Paris;123+aze;Info
Gretchen;Hill;Paris;123+aze;Info
Karen;Puckett;Paris;123+aze;Info
Patrick;Song;Paris;123+aze;Info
Elsie;Hamilton;Paris;123+aze;Info
Hazel;Bender;Paris;123+aze;Info
Malcolm;Wagner;Paris;123+aze;Info
Dolores;McLaughlin;Paris;123+aze;Info
Francis;McNamara;Paris;123+aze;Info
Sandy;Raynor;Paris;123+aze;Info
Marion;Moon;Paris;123+aze;Info
Beth;Woodard;Paris;123+aze;Info
Julia;Desai;Paris;123+aze;Info
Jerome;Wallace;Paris;123+aze;Info
Neal;Lawrence;Paris;123+aze;Info
Jean;Griffin;Paris;123+aze;Info
Kristine;Dougherty;Paris;123+aze;Info
Crystal;Powers;Paris;123+aze;Info
Alex;May;Paris;123+aze;Info
Eric;Steele;Paris;123+aze;Info
Wesley;Teague;Paris;123+aze;Info
Franklin;Vick;Paris;123+aze;Info
Claire;Gallagher;Paris;123+aze;Info
Marian;Solomon;Paris;123+aze;Info
Marcia;Walsh;Paris;123+aze;Info
Dwight;Monroe;Paris;123+aze;Info
Wayne;Connolly;Paris;123+aze;Info
Stephanie;Hawkins;Paris;123+aze;Info
Neal;Middleton;Paris;123+aze;Info
Gretchen;Goldstein;Paris;123+aze;Info
Tim;Watts;Paris;123+aze;Info
Jerome;Johnston;Paris;123+aze;Info
Shelley;Weeks;Paris;123+aze;Info
Priscilla;Wilkerson;Paris;123+aze;Info
Elsie;Barton;Paris;123+aze;Info
Beth;Walton;Paris;123+aze;Info
Erica;Hall;Paris;123+aze;Info
Douglas;Ross;Paris;123+aze;Info
Donald;Chung;Paris;123+aze;Info
Katherine;Bender;Paris;123+aze;Info
Paul;Woods;Paris;123+aze;Info
Patricia;Mangum;Paris;123+aze;Info
Lois;Joseph;Paris;123+aze;Info
Louis;Rosenthal;Paris;123+aze;Info
Christina;Bowden;Paris;123+aze;Info
Darlene;Barton;Paris;123+aze;Info
Harvey;Underwood;Paris;123+aze;Info
William;Jones;Paris;123+aze;Info
Frederick;Baker;Paris;123+aze;Info
Shirley;Merritt;Paris;123+aze;Info
Jason;Cross;Paris;123+aze;Info
Judith;Cooper;Paris;123+aze;Info
Gretchen;Holmes;Paris;123+aze;Info
Don;Sharpe;Paris;123+aze;Info
Glenda;Morgan;Paris;123+aze;Info
Scott;Hoyle;Paris;123+aze;Info
Pat;Allen;Paris;123+aze;Info
Michelle;Rich;Paris;123+aze;Info
Jessica;Rich;Paris;123+aze;Info
Evan;Grant;Paris;123+aze;Info
Melinda;Proctor;Paris;123+aze;Info
Calvin;Diaz;Paris;123+aze;Info
Eugene;Graham;Paris;123+aze;Info
Vickie;Watkins;Paris;123+aze;Info
Luis;Hinton;Paris;123+aze;Info
Allan;Marsh;Paris;123+aze;Info
Melanie;Hewitt;Paris;123+aze;Info
Marianne;Branch;Paris;123+aze;Info
Natalie;Walton;Paris;123+aze;Info
Caroline;O'Brien;Paris;123+aze;Info
Arlene;Case;Paris;123+aze;Info
Kyle;Watts;Paris;123+aze;Info
Calvin;Christensen;Paris;123+aze;Info
Gary;Parks;Paris;123+aze;Info
Samantha;Hardin;Paris;123+aze;Info
Sara;Lucas;Paris;123+aze;Info
Stacy;Eason;Paris;123+aze;Info
Gladys;Davidson;Paris;123+aze;Info
Mike;Whitehead;Paris;123+aze;Info
Lynne;Rose;Paris;123+aze;Info
Faye;Sparks;Paris;123+aze;Info
Diana;Moore;Paris;123+aze;Info
Leon;Pearson;Paris;123+aze;Info
Ethel;Rodgers;Paris;123+aze;Info
Steve;Graves;Paris;123+aze;Info
Alison;Scarborough;Paris;123+aze;Info
Sherri;Sutton;Paris;123+aze;Info
Patsy;Sinclair;Paris;123+aze;Info
Kelly;Bowman;Paris;123+aze;Info
Stacy;Olsen;Paris;123+aze;Info
Curtis;Love;Paris;123+aze;Info
Dana;McLean;Paris;123+aze;Info
Jennifer;Christian;Paris;123+aze;Info
Brett;Lamb;Paris;123+aze;Info
Brandon;James;Paris;123+aze;Info
Keith;Chandler;Paris;123+aze;Info
Joann;Stout;Paris;123+aze;Info
Ronnie;Cowan;Paris;123+aze;Info
Scott;Golden;Paris;123+aze;Info
Gene;Bowling;Paris;123+aze;Info
Louise;Beasley;Paris;123+aze;Info
Geoffrey;Clapp;Paris;123+aze;Info
Patricia;Abrams;Paris;123+aze;Info
Jennifer;Tilley;Paris;123+aze;Info
Mary;Morse;Paris;123+aze;Info
Shawn;Boykin;Paris;123+aze;Info
Vincent;Sumner;Paris;123+aze;Info
Kurt;Cassidy;Paris;123+aze;Info
Danny;Davidson;Paris;123+aze;Info
Charlene;Heath;Paris;123+aze;Info
Alice;Blanchard;Paris;123+aze;Info
Joan;McAllister;Paris;123+aze;Info
Betty;McKenzie;Paris;123+aze;Info
Danny;Byrne;Paris;123+aze;Info
Peggy;Schroeder;Paris;123+aze;Info
Leslie;Griffin;Paris;123+aze;Info
Marshall;Gross;Paris;123+aze;Info
Sara;Perkins;Paris;123+aze;Info
Martha;Robertson;Paris;123+aze;Info
Jack;Palmer;Paris;123+aze;Info
Gayle;Brady;Paris;123+aze;Info
Benjamin;Rowe;Paris;123+aze;Info
Roberta;Zhang;Paris;123+aze;Info
Patricia;Hodge;Paris;123+aze;Info
Clifford;Li;Paris;123+aze;Info
Joanne;Bowling;Paris;123+aze;Info
Martin;Justice;Paris;123+aze;Info
Toni;Glass;Paris;123+aze;Info
Beth;Willis;Paris;123+aze;Info
Jessica;Hester;Paris;123+aze;Info
Samantha;Floyd;Paris;123+aze;Info
Jimmy;Graves;Paris;123+aze;Info
Vincent;Fischer;Paris;123+aze;Info
Dianne;Norman;Paris;123+aze;Info
Rhonda;Chan;Paris;123+aze;Info
Tamara;Hunt;Paris;123+aze;Info
Mary;Byrd;Paris;123+aze;Info
Sidney;Lane;Paris;123+aze;Info
Jeff;Kaplan;Paris;123+aze;Info
Sandra;Heller;Paris;123+aze;Info
Katie;May;Paris;123+aze;Info
Raymond;Jennings;Paris;123+aze;Info
Roger;Hanna;Paris;123+aze;Info
Natalie;Locklear;Paris;123+aze;Info
Kathy;Holloway;Paris;123+aze;Info
Troy;Jones;Paris;123+aze;Info
Neal;Glover;Paris;123+aze;Info
Martin;Vick;Marseille;123+aze;Info
Jack;O'Donnell;Marseille;123+aze;Info
Vincent;Goldman;Marseille;123+aze;Info
Beth;McKenna;Marseille;123+aze;Info
Milton;Starr;Lyon;123+aze;Info
Tamara;Stone;Lyon;123+aze;Info
Mitchell;McClure;Lyon;123+aze;Info
Franklin;Watson;Lyon;123+aze;Info
Leroy;Monroe;Marseille;123+aze;Info
Glen;Abbott;Marseille;123+aze;Info
Judith;Singer;Marseille;123+aze;Info
Alice;Hall;Marseille;123+aze;Info
Bruce;Farrell;Marseille;123+aze;Info
Kathleen;Lucas;Marseille;123+aze;Info
Amy;Norman;Marseille;123+aze;Info
Ronnie;Atkins;Marseille;123+aze;Info
Martha;Monroe;Marseille;123+aze;Info
Lynn;Robertson;Lyon;123+aze;Info
Jose;Sykes;Lyon;123+aze;Info
Robert;Reid;Lyon;123+aze;Info
Pauline;Chandler;Lyon;123+aze;Info
Stephen;Finch;Lyon;123+aze;Info
Peggy;Hobbs;Lyon;123+aze;Info
Donna;Adkins;Marseille;123+aze;Info
Doris;Kinney;Marseille;123+aze;Info
Ben;Whitaker;Marseille;123+aze;Info
Kristin;Alexander;Marseille;123+aze;Info
Ryan;Conner;Marseille;123+aze;Info
Tracey;Waters;Marseille;123+aze;Info
Mark;Becker;Marseille;123+aze;Info
Louis;Rollins;Marseille;123+aze;Info
Janet;Love;Lyon;123+aze;Info
Leo;Adkins;Lyon;123+aze;Info
Constance;Black;Lyon;123+aze;Info
Sarah;Fox;Lyon;123+aze;Info
Gladys;Hatcher;Lyon;123+aze;Info
Hazel;Wu;Lyon;123+aze;Info
Hazel;Lloyd;Lyon;123+aze;Info
Jerome;Joyce;Lyon;123+aze;Info
Vincent;Welch;Lyon;123+aze;Info
Kim;Matthews;Lyon;123+aze;Info
Joseph;Chappell;Lyon;123+aze;Info
Alison;MacDonald;Lyon;123+aze;Info
Eric;Kane;Lyon;123+aze;Info
Heather;Butler;Lyon;123+aze;Info
Claire;Pickett;Marseille;123+aze;Info
Michele;Bowman;Marseille;123+aze;Info
Terry;Barton;Marseille;123+aze;Info
Ken;Kennedy;Marseille;123+aze;Info
Judy;Branch;Marseille;123+aze;Info
Clyde;Thornton;Marseille;123+aze;Info
Timothy;McNeill;Marseille;123+aze;Info
Ted;Weinstein;Marseille;123+aze;Info
Sandra;Middleton;Marseille;123+aze;Info
Billie;Moss;Marseille;123+aze;Info
Katharine;Lucas;Marseille;123+aze;Info
Lester;Rich;Marseille;123+aze;Info
Johnny;Carlton;Marseille;123+aze;Info
Ashley;Brady;Marseille;123+aze;Info
Lauren;Schultz;Lyon;123+aze;Info
Carolyn;Nichols;Lyon;123+aze;Info
Louis;Harvey;Lyon;123+aze;Info
Charlene;Stevenson;Lyon;123+aze;Info
Ashley;Houston;Lyon;123+aze;Info
Sheryl;Dunn;Lyon;123+aze;Info
Ben;West;Lyon;123+aze;Info
Linda;O'Brien;Lyon;123+aze;Info
Sarah;Barr;Lyon;123+aze;Info
Brett;Snyder;Lyon;123+aze;Info
Dana;Cain;Lyon;123+aze;Info
Rebecca;Heath;Marseille;123+aze;Info
Glenda;Boswell;Marseille;123+aze;Info
Glen;Olsen;Marseille;123+aze;Info
Don;Pittman;Marseille;123+aze;Info
Gregory;Weiner;Marseille;123+aze;Info
Randy;Petersen;Marseille;123+aze;Info
Geraldine;Davis;Marseille;123+aze;Info
Edna;Coleman;Marseille;123+aze;Info
Sidney;Terrell;Marseille;123+aze;Info
Faye;Norman;Marseille;123+aze;Info
Kathy;Burch;Marseille;123+aze;Info
Marguerite;Weiner;Marseille;123+aze;Info
Marvin;Parrott;Marseille;123+aze;Info
Alex;Henry;Marseille;123+aze;Info
Alexander;Gray;Marseille;123+aze;Info
Marsha;Chang;Marseille;123+aze;Info
Karl;McLean;Lyon;123+aze;Info
Laura;Eason;Lyon;123+aze;Info
Melinda;Weeks;Lyon;123+aze;Info
Eva;Siegel;Lyon;123+aze;Info
Robert;Puckett;Lyon;123+aze;Info
Bill;Heath;Lyon;123+aze;Info
Edna;Hoyle;Lyon;123+aze;Info
Clifford;Garrett;Lyon;123+aze;Info
Penny;Neal;Lyon;123+aze;Info
Glenda;Baker;Lyon;123+aze;Info
Arthur;Goldman;Lyon;123+aze;Info
Wesley;Shaffer;Lyon;123+aze;Info
Allison;Choi;Lyon;123+aze;Info
Florence;Carver;Lyon;123+aze;Info
Claire;Shelton;Lyon;123+aze;Info
Jeremy;House;Lyon;123+aze;Info
Christy;Lyons;Lyon;123+aze;Info
Wesley;Moser;Lyon;123+aze;Info
Lucy;Dickinson;Lyon;123+aze;Info
Susan;Abbott;Marseille;123+aze;Info
Nancy;Hobbs;Marseille;123+aze;Info
Monica;Dodson;Marseille;123+aze;Info
Justin;Spencer;Marseille;123+aze;Info
Margaret;Burgess;Marseille;123+aze;Info
Philip;Liu;Marseille;123+aze;Info
Miriam;Wong;Marseille;123+aze;Info
Miriam;Blackburn;Marseille;123+aze;Info
Christopher;McKay;Marseille;123+aze;Info
Joanna;Middleton;Marseille;123+aze;Info
Stacy;Frazier;Marseille;123+aze;Info
Janice;Reid;Marseille;123+aze;Info
Brian;Braswell;Marseille;123+aze;Info
Juan;Steele;Marseille;123+aze;Info
Leroy;Donovan;Marseille;123+aze;Info
Tommy;Barrett;Marseille;123+aze;Info
Alice;Nance;Marseille;123+aze;Info
Adam;Washington;Marseille;123+aze;Info
Larry;Rogers;Marseille;123+aze;Info
Angela;McMahon;Marseille;123+aze;Info
Lawrence;Miles;Marseille;123+aze;Info
Glen;Kramer;Marseille;123+aze;Info
Valerie;Jennings;Lyon;123+aze;Info
Meredith;Bowles;Lyon;123+aze;Info
Jan;Brown;Lyon;123+aze;Info
Lillian;Bolton;Lyon;123+aze;Info
Allen;Craven;Lyon;123+aze;Info
Ashley;Hendrix;Lyon;123+aze;Info
Ian;Nichols;Lyon;123+aze;Info
Gina;Saunders;Lyon;123+aze;Info
Donna;Lehman;Lyon;123+aze;Info
Catherine;Sherrill;Lyon;123+aze;Info
Lester;Cash;Lyon;123+aze;Info
Jacob;Pittman;Lyon;123+aze;Info
Nancy;Sullivan;Lyon;123+aze;Info
Gail;Whitehead;Lyon;123+aze;Info
Lloyd;Mack;Lyon;123+aze;Info
Donna;Rice;Lyon;123+aze;Info
Kay;Ayers;Lyon;123+aze;Info
Wendy;Cherry;Lyon;123+aze;Info
Lucille;Richmond;Lyon;123+aze;Info
Virginia;York;Lyon;123+aze;Info
Bruce;Wiley;Lyon;123+aze;Info
Marc;Harrington;Lyon;123+aze;Info
Geoffrey;Reed;Lyon;123+aze;Info
Tiffany;Nash;Lyon;123+aze;Info
Sher;Melton;Paris;123+aze;Compta
Gret;Hill;Paris;123+aze;Compta
Kar;Puckett;Paris;123+aze;Compta
Pat;Song;Paris;123+aze;Compta
Mat;Vick;Marseille;123+aze;Compta
Joel;O'Donnell;Marseille;123+aze;Compta
Vinc;Goldman;Marseille;123+aze;Compta
Beta;McKenna;Marseille;123+aze;Compta
Benoit;Gonnet;Lyon;123+aze;Compta
Jo;Sykes;Lyon;123+aze;Compta
Melinda;Reid;Lyon;123+aze;Compta
Paul;Chandler;Lyon;123+aze;Compta
Curl;Finch;Lyon;123+aze;Compta
Perl;Hobbs;Lyon;123+aze;Compta
