firstName;lastName;office;password;department
Kristina;Chung;Paris;123+aze;Direction
Paige;Chen;Paris;123+aze;Direction
Sherri;Melton;Paris;123+aze;Direction
Gretchen;Hill;Paris;123+aze;Direction
Karen;Puckett;Paris;123+aze;Direction
Patrick;Song;Paris;123+aze;Direction
Elsie;Hamilton;Paris;123+aze;Direction
Hazel;Bender;Paris;123+aze;Direction
Malcolm;Wagner;Paris;123+aze;Marketing
Dolores;McLaughlin;Paris;123+aze;Marketing
Francis;McNamara;Paris;123+aze;Marketing
Sandy;Raynor;Paris;123+aze;Marketing
Marion;Moon;Paris;123+aze;Marketing
Beth;Woodard;Paris;123+aze;Marketing
Julia;Desai;Paris;123+aze;Marketing
Jerome;Wallace;Paris;123+aze;Marketing
Neal;Lawrence;Paris;123+aze;Marketing
Jean;Griffin;Paris;123+aze;Marketing
Kristine;Dougherty;Paris;123+aze;Marketing
Crystal;Powers;Paris;123+aze;Marketing
Alex;May;Paris;123+aze;Marketing
Eric;Steele;Paris;123+aze;Marketing
Wesley;Teague;Paris;123+aze;Marketing
Franklin;Vick;Paris;123+aze;Compta
Claire;Gallagher;Paris;123+aze;Compta
Marian;Solomon;Paris;123+aze;Compta
Marcia;Walsh;Paris;123+aze;Compta
Dwight;Monroe;Paris;123+aze;Compta
Wayne;Connolly;Paris;123+aze;Compta
Stephanie;Hawkins;Paris;123+aze;Compta
Neal;Middleton;Paris;123+aze;Compta
Gretchen;Goldstein;Paris;123+aze;Compta
Tim;Watts;Paris;123+aze;Compta
Jerome;Johnston;Paris;123+aze;Compta
Shelley;Weeks;Paris;123+aze;Compta
Priscilla;Wilkerson;Paris;123+aze;Compta
Elsie;Barton;Paris;123+aze;Compta
Beth;Walton;Paris;123+aze;Compta
Erica;Hall;Paris;123+aze;Compta
Douglas;Ross;Paris;123+aze;Compta
Donald;Chung;Paris;123+aze;Compta
Katherine;Bender;Paris;123+aze;Compta
Paul;Woods;Paris;123+aze;Compta
Patricia;Mangum;Paris;123+aze;Compta
Lois;Joseph;Paris;123+aze;Compta
Louis;Rosenthal;Paris;123+aze;Accounting
Christina;Bowden;Paris;123+aze;Accounting
Darlene;Barton;Paris;123+aze;Accounting
Harvey;Underwood;Paris;123+aze;Accounting
William;Jones;Paris;123+aze;Accounting
Frederick;Baker;Paris;123+aze;Accounting
Shirley;Merritt;Paris;123+aze;Accounting
Jason;Cross;Paris;123+aze;Accounting
Judith;Cooper;Paris;123+aze;Accounting
Gretchen;Holmes;Paris;123+aze;Accounting
Don;Sharpe;Paris;123+aze;Accounting
Glenda;Morgan;Paris;123+aze;Accounting
Scott;Hoyle;Paris;123+aze;Accounting
Pat;Allen;Paris;123+aze;Accounting
Michelle;Rich;Paris;123+aze;Accounting
Jessica;Rich;Paris;123+aze;Accounting
Evan;Grant;Paris;123+aze;Accounting
Melinda;Proctor;Paris;123+aze;Accounting
Calvin;Diaz;Paris;123+aze;Accounting
Eugene;Graham;Paris;123+aze;Accounting
Vickie;Watkins;Paris;123+aze;Accounting
Luis;Hinton;Paris;123+aze;Accounting
Allan;Marsh;Paris;123+aze;Accounting
Melanie;Hewitt;Paris;123+aze;Accounting
Marianne;Branch;Paris;123+aze;Accounting
Natalie;Walton;Paris;123+aze;Financial-Consultant
Caroline;O'Brien;Paris;123+aze;Financial-Consultant
Arlene;Case;Paris;123+aze;Financial-Consultant
Kyle;Watts;Paris;123+aze;Financial-Consultant
Calvin;Christensen;Paris;123+aze;Financial-Consultant
Gary;Parks;Paris;123+aze;Financial-Consultant
Samantha;Hardin;Paris;123+aze;Financial-Consultant
Sara;Lucas;Paris;123+aze;Financial-Consultant
Stacy;Eason;Paris;123+aze;Financial-Consultant
Gladys;Davidson;Paris;123+aze;Financial-Consultant
Mike;Whitehead;Paris;123+aze;Financial-Consultant
Lynne;Rose;Paris;123+aze;Financial-Consultant
Faye;Sparks;Paris;123+aze;Financial-Consultant
Diana;Moore;Paris;123+aze;Financial-Consultant
Leon;Pearson;Paris;123+aze;Financial-Consultant
Ethel;Rodgers;Paris;123+aze;Financial-Consultant
Steve;Graves;Paris;123+aze;Financial-Consultant
Alison;Scarborough;Paris;123+aze;Financial-Consultant
Sherri;Sutton;Paris;123+aze;Financial-Consultant
Patsy;Sinclair;Paris;123+aze;Financial-Consultant
Kelly;Bowman;Paris;123+aze;Financial-Consultant
Stacy;Olsen;Paris;123+aze;Financial-Consultant
Curtis;Love;Paris;123+aze;Financial-Consultant
Dana;McLean;Paris;123+aze;Financial-Consultant
Jennifer;Christian;Paris;123+aze;Financial-Consultant
Brett;Lamb;Paris;123+aze;Financial-Consultant
Brandon;James;Paris;123+aze;Financial-Consultant
Keith;Chandler;Paris;123+aze;Financial-Consultant
Joann;Stout;Paris;123+aze;Financial-Consultant
Ronnie;Cowan;Paris;123+aze;Financial-Consultant
Scott;Golden;Paris;123+aze;Financial-Consultant
Gene;Bowling;Paris;123+aze;Financial-Consultant
Louise;Beasley;Paris;123+aze;Financial-Consultant
Geoffrey;Clapp;Paris;123+aze;Financial-Consultant
Patricia;Abrams;Paris;123+aze;Financial-Consultant
Jennifer;Tilley;Paris;123+aze;Info
Mary;Morse;Paris;123+aze;Info
Shawn;Boykin;Paris;123+aze;Info
Vincent;Sumner;Paris;123+aze;Info
Kurt;Cassidy;Paris;123+aze;Info
Danny;Davidson;Paris;123+aze;Info
Charlene;Heath;Paris;123+aze;Info
Alice;Blanchard;Paris;123+aze;Info
Joan;McAllister;Paris;123+aze;Info
Betty;McKenzie;Paris;123+aze;Info
Danny;Byrne;Paris;123+aze;Info
Peggy;Schroeder;Paris;123+aze;Info
Leslie;Griffin;Paris;123+aze;Info
Marshall;Gross;Paris;123+aze;Info
Sara;Perkins;Paris;123+aze;Info
Martha;Robertson;Paris;123+aze;Info
Jack;Palmer;Paris;123+aze;Info
Gayle;Brady;Paris;123+aze;Info
Benjamin;Rowe;Paris;123+aze;Info
Roberta;Zhang;Paris;123+aze;Info
Patricia;Hodge;Paris;123+aze;Info
Clifford;Li;Paris;123+aze;Info
Joanne;Bowling;Paris;123+aze;Info
Martin;Justice;Paris;123+aze;Info
Toni;Glass;Paris;123+aze;Info
Beth;Willis;Paris;123+aze;Info
Jessica;Hester;Paris;123+aze;Info
Samantha;Floyd;Paris;123+aze;Info
Jimmy;Graves;Paris;123+aze;Info
Vincent;Fischer;Paris;123+aze;Info
Dianne;Norman;Paris;123+aze;Info
Rhonda;Chan;Paris;123+aze;Info
Tamara;Hunt;Paris;123+aze;Info
Mary;Byrd;Paris;123+aze;Info
Sidney;Lane;Paris;123+aze;Info
Jeff;Kaplan;Paris;123+aze;Info
Sandra;Heller;Paris;123+aze;Info
Katie;May;Paris;123+aze;Info
Raymond;Jennings;Paris;123+aze;Info
Roger;Hanna;Paris;123+aze;Info
Natalie;Locklear;Paris;123+aze;Info
Kathy;Holloway;Paris;123+aze;Info
Troy;Jones;Paris;123+aze;Info
Neal;Glover;Paris;123+aze;Info
Martin;Vick;Lyon;123+aze;Direction
Jack;O'Donnell;Lyon;123+aze;Direction
Vincent;Goldman;Lyon;123+aze;Direction
Beth;McKenna;Lyon;123+aze;Direction
Milton;Starr;Marseille;123+aze;Direction
Tamara;Stone;Marseille;123+aze;Direction
Mitchell;McClure;Marseille;123+aze;Direction
Franklin;Watson;Marseille;123+aze;Direction
Leroy;Monroe;Lyon;123+aze;Marketing
Glen;Abbott;Lyon;123+aze;Marketing
Judith;Singer;Lyon;123+aze;Marketing
Alice;Hall;Lyon;123+aze;Marketing
Bruce;Farrell;Lyon;123+aze;Marketing
Kathleen;Lucas;Lyon;123+aze;Marketing
Amy;Norman;Lyon;123+aze;Marketing
Ronnie;Atkins;Lyon;123+aze;Marketing
Martha;Monroe;Lyon;123+aze;Marketing
Lynn;Robertson;Marseille;123+aze;Marketing
Jose;Sykes;Marseille;123+aze;Marketing
Robert;Reid;Marseille;123+aze;Marketing
Pauline;Chandler;Marseille;123+aze;Marketing
Stephen;Finch;Marseille;123+aze;Marketing
Peggy;Hobbs;Marseille;123+aze;Marketing
Donna;Adkins;Lyon;123+aze;Compta
Doris;Kinney;Lyon;123+aze;Compta
Ben;Whitaker;Lyon;123+aze;Compta
Kristin;Alexander;Lyon;123+aze;Compta
Ryan;Conner;Lyon;123+aze;Compta
Tracey;Waters;Lyon;123+aze;Compta
Mark;Becker;Lyon;123+aze;Compta
Louis;Rollins;Lyon;123+aze;Compta
Janet;Love;Marseille;123+aze;Compta
Leo;Adkins;Marseille;123+aze;Compta
Constance;Black;Marseille;123+aze;Compta
Sarah;Fox;Marseille;123+aze;Compta
Gladys;Hatcher;Marseille;123+aze;Compta
Hazel;Wu;Marseille;123+aze;Compta
Hazel;Lloyd;Marseille;123+aze;Compta
Jerome;Joyce;Marseille;123+aze;Compta
Vincent;Welch;Marseille;123+aze;Compta
Kim;Matthews;Marseille;123+aze;Compta
Joseph;Chappell;Marseille;123+aze;Compta
Alison;MacDonald;Marseille;123+aze;Compta
Eric;Kane;Marseille;123+aze;Compta
Heather;Butler;Marseille;123+aze;Compta
Claire;Pickett;Lyon;123+aze;Accounting
Michele;Bowman;Lyon;123+aze;Accounting
Terry;Barton;Lyon;123+aze;Accounting
Ken;Kennedy;Lyon;123+aze;Accounting
Judy;Branch;Lyon;123+aze;Accounting
Clyde;Thornton;Lyon;123+aze;Accounting
Timothy;McNeill;Lyon;123+aze;Accounting
Ted;Weinstein;Lyon;123+aze;Accounting
Sandra;Middleton;Lyon;123+aze;Accounting
Billie;Moss;Lyon;123+aze;Accounting
Katharine;Lucas;Lyon;123+aze;Accounting
Lester;Rich;Lyon;123+aze;Accounting
Johnny;Carlton;Lyon;123+aze;Accounting
Ashley;Brady;Lyon;123+aze;Accounting
Lauren;Schultz;Marseille;123+aze;Accounting
Carolyn;Nichols;Marseille;123+aze;Accounting
Louis;Harvey;Marseille;123+aze;Accounting
Charlene;Stevenson;Marseille;123+aze;Accounting
Ashley;Houston;Marseille;123+aze;Accounting
Sheryl;Dunn;Marseille;123+aze;Accounting
Ben;West;Marseille;123+aze;Accounting
Linda;O'Brien;Marseille;123+aze;Accounting
Sarah;Barr;Marseille;123+aze;Accounting
Brett;Snyder;Marseille;123+aze;Accounting
Dana;Cain;Marseille;123+aze;Accounting
Rebecca;Heath;Lyon;123+aze;Financial-Consultant
Glenda;Boswell;Lyon;123+aze;Financial-Consultant
Glen;Olsen;Lyon;123+aze;Financial-Consultant
Don;Pittman;Lyon;123+aze;Financial-Consultant
Gregory;Weiner;Lyon;123+aze;Financial-Consultant
Randy;Petersen;Lyon;123+aze;Financial-Consultant
Geraldine;Davis;Lyon;123+aze;Financial-Consultant
Edna;Coleman;Lyon;123+aze;Financial-Consultant
Sidney;Terrell;Lyon;123+aze;Financial-Consultant
Faye;Norman;Lyon;123+aze;Financial-Consultant
Kathy;Burch;Lyon;123+aze;Financial-Consultant
Marguerite;Weiner;Lyon;123+aze;Financial-Consultant
Marvin;Parrott;Lyon;123+aze;Financial-Consultant
Alex;Henry;Lyon;123+aze;Financial-Consultant
Alexander;Gray;Lyon;123+aze;Financial-Consultant
Marsha;Chang;Lyon;123+aze;Financial-Consultant
Karl;McLean;Marseille;123+aze;Financial-Consultant
Laura;Eason;Marseille;123+aze;Financial-Consultant
Melinda;Weeks;Marseille;123+aze;Financial-Consultant
Eva;Siegel;Marseille;123+aze;Financial-Consultant
Robert;Puckett;Marseille;123+aze;Financial-Consultant
Bill;Heath;Marseille;123+aze;Financial-Consultant
Edna;Hoyle;Marseille;123+aze;Financial-Consultant
Clifford;Garrett;Marseille;123+aze;Financial-Consultant
Penny;Neal;Marseille;123+aze;Financial-Consultant
Glenda;Baker;Marseille;123+aze;Financial-Consultant
Arthur;Goldman;Marseille;123+aze;Financial-Consultant
Wesley;Shaffer;Marseille;123+aze;Financial-Consultant
Allison;Choi;Marseille;123+aze;Financial-Consultant
Florence;Carver;Marseille;123+aze;Financial-Consultant
Claire;Shelton;Marseille;123+aze;Financial-Consultant
Jeremy;House;Marseille;123+aze;Financial-Consultant
Christy;Lyons;Marseille;123+aze;Financial-Consultant
Wesley;Moser;Marseille;123+aze;Financial-Consultant
Lucy;Dickinson;Marseille;123+aze;Financial-Consultant
Susan;Abbott;Lyon;123+aze;Info
Nancy;Hobbs;Lyon;123+aze;Info
Monica;Dodson;Lyon;123+aze;Info
Justin;Spencer;Lyon;123+aze;Info
Margaret;Burgess;Lyon;123+aze;Info
Philip;Liu;Lyon;123+aze;Info
Miriam;Wong;Lyon;123+aze;Info
Miriam;Blackburn;Lyon;123+aze;Info
Christopher;McKay;Lyon;123+aze;Info
Joanna;Middleton;Lyon;123+aze;Info
Stacy;Frazier;Lyon;123+aze;Info
Janice;Reid;Lyon;123+aze;Info
Brian;Braswell;Lyon;123+aze;Info
Juan;Steele;Lyon;123+aze;Info
Leroy;Donovan;Lyon;123+aze;Info
Tommy;Barrett;Lyon;123+aze;Info
Alice;Nance;Lyon;123+aze;Info
Adam;Washington;Lyon;123+aze;Info
Larry;Rogers;Lyon;123+aze;Info
Angela;McMahon;Lyon;123+aze;Info
Lawrence;Miles;Lyon;123+aze;Info
Glen;Kramer;Lyon;123+aze;Info
Valerie;Jennings;Marseille;123+aze;Info
Meredith;Bowles;Marseille;123+aze;Info
Jan;Brown;Marseille;123+aze;Info
Lillian;Bolton;Marseille;123+aze;Info
Allen;Craven;Marseille;123+aze;Info
Ashley;Hendrix;Marseille;123+aze;Info
Ian;Nichols;Marseille;123+aze;Info
Gina;Saunders;Marseille;123+aze;Info
Donna;Lehman;Marseille;123+aze;Info
Catherine;Sherrill;Marseille;123+aze;Info
Lester;Cash;Marseille;123+aze;Info
Jacob;Pittman;Marseille;123+aze;Info
Nancy;Sullivan;Marseille;123+aze;Info
Gail;Whitehead;Marseille;123+aze;Info
Lloyd;Mack;Marseille;123+aze;Info
Donna;Rice;Marseille;123+aze;Info
Kay;Ayers;Marseille;123+aze;Info
Wendy;Cherry;Marseille;123+aze;Info
Lucille;Richmond;Marseille;123+aze;Info
Virginia;York;Marseille;123+aze;Info
Bruce;Wiley;Marseille;123+aze;Info
Marc;Harrington;Marseille;123+aze;Info
Geoffrey;Reed;Marseille;123+aze;Info
Tiffany;Nash;Marseille;123+aze;Info
